{
  "metadata": {
    "model": "LLaMA-3-8B-Instruct (3-shot)",
    "version": "3.1_tss_aligned",
    "timestamp": "20260209_144441",
    "protocol": "3-shot, greedy, strict parse, TSS-identical data",
    "sample_counts": {
      "dreaddit_test": 715,
      "twitter": 6218,
      "twitter_gold": 2863,
      "reddit_combi": 3110
    },
    "total_ambiguous": 1
  },
  "results": {
    "dreaddit_test": {
      "n": 715,
      "metrics": {
        "macro_f1": 0.6130952380952381,
        "f1": 0.75,
        "precision": 0.6060100166944908,
        "recall": 0.983739837398374,
        "accuracy": 0.6615384615384615,
        "mcc": 0.40890741669192104
      },
      "ci": {
        "mean": 0.6130048991317756,
        "ci_lo": 0.5759659780763897,
        "ci_hi": 0.6503849839943149,
        "n": 10000
      },
      "ambiguous": 0
    },
    "twitter": {
      "n": 6218,
      "metrics": {
        "macro_f1": 0.5221775405497023,
        "f1": 0.32791327913279134,
        "precision": 0.8461538461538461,
        "recall": 0.20336134453781513,
        "accuracy": 0.6011579285944033,
        "mcc": 0.2653295340211786
      },
      "ci": {
        "mean": 0.5221368061523708,
        "ci_lo": 0.5094189499126929,
        "ci_hi": 0.5346537383371408,
        "n": 10000
      },
      "ambiguous": 0
    },
    "twitter_gold": {
      "n": 2863,
      "metrics": {
        "macro_f1": 0.7997723686184535,
        "f1": 0.7262693156732892,
        "precision": 0.7796208530805687,
        "recall": 0.6797520661157025,
        "accuracy": 0.826755151938526,
        "mcc": 0.6034295557039914
      },
      "ci": {
        "mean": 0.7996721183849994,
        "ci_lo": 0.7839946233889469,
        "ci_hi": 0.8150028676446346,
        "n": 10000
      },
      "ambiguous": 0
    },
    "reddit_combi": {
      "n": 3110,
      "metrics": {
        "macro_f1": 0.7941289252410575,
        "f1": 0.9496244733467668,
        "precision": 0.951891296364304,
        "recall": 0.9473684210526315,
        "accuracy": 0.9115755627009646,
        "mcc": 0.5883860574993506
      },
      "ci": {
        "mean": 0.793706472644391,
        "ci_lo": 0.7720810698557323,
        "ci_hi": 0.8153446360157788,
        "n": 10000
      },
      "ambiguous": 1
    }
  }
}