model,heldout_domain,in_macro_f1,out_macro_f1,domain_gap
MentalBERT,abuse,0.8501475613544579,0.7721671821504772,0.07798037920398071
MentalBERT,anxiety,0.8444336593743,0.827526046895567,0.01690761247873307
MentalBERT,financial,0.8263939763939764,0.8326310861423221,-0.006237109748345682
MentalBERT,ptsd,0.787945372017359,0.8510802469135803,-0.06313487489622127
MentalBERT,social,0.8225314525352649,0.8058644907692021,0.01666696176606286
