dataset,label_type,compare,metric,delta_obs,ci95_low,ci95_high,p_perm,n
dreaddit_test,human,C - A,macro_f1,0.10551929372247915,0.06575426585007269,0.14520195395284333,9.999000099990002e-05,715
dreaddit_test,human,BC - A,macro_f1,0.056584841550516685,0.016116909800897958,0.09707150821726883,0.0031996800319968005,715
dreaddit_test,human,B - A,macro_f1,-0.07226873041072857,-0.11607387814518463,-0.025475678015526953,0.9991000899910009,715
reddit_combi,auto,C - A,macro_f1,0.0700054508861222,0.04270618203288739,0.0976275907246155,9.999000099990002e-05,3109
reddit_combi,auto,BC - A,macro_f1,0.0779304094384129,0.051450024996185645,0.10458665798423714,9.999000099990002e-05,3109
reddit_combi,auto,B - A,macro_f1,-0.032535146537208015,-0.059769626753770164,-0.004784884785614273,0.9876012398760124,3109
twitter,auto,C - A,macro_f1,-0.018645435910470076,-0.033618465962376505,-0.003254588042081128,0.9877012298770123,6232
twitter,auto,BC - A,macro_f1,-0.06742185113987087,-0.08236441169505047,-0.05227970032999667,1.0,6232
twitter,auto,B - A,macro_f1,-0.05963760491043041,-0.07511196559299228,-0.04371727646498569,1.0,6232
twitter_gold,human,C - A,macro_f1,0.038894099681139216,0.015398131447275462,0.06192405039127255,0.0004999500049995,2868
twitter_gold,human,BC - A,macro_f1,0.02860040191063995,0.004452195158084879,0.05190085310871119,0.013098690130986902,2868
twitter_gold,human,B - A,macro_f1,-0.07604083067698741,-0.10175101946205782,-0.05011737368992217,1.0,2868
